"Fecha";"Producto";"Precio";"Cantidad"
2014-01-06;"A0143";4,39;2334
2014-02-28;"A0143";4,42;2174
2014-01-03;"A0143";4,4;2367
2013-08-11;"A0143";4,34;2032
2014-05-01;"A0351";7,7;1241
2013-04-03;"A0143";4,3;2460
2013-11-03;"A0351";7,61;1795
2014-12-07;"A0351";7,84;1869
2013-08-24;"A0143";4,34;1926
2015-12-02;"A0143";4,67;2089
2014-07-23;"A0143";4,47;1967
2013-02-13;"A0143";4,29;2523
2013-09-19;"A0351";7,58;1185
2014-08-06;"A0351";7,8;1104
2014-06-18;"A0143";4,46;1990
2015-02-13;"A0143";4,54;2065
2014-02-10;"A0351";7,68;1353
2015-11-12;"A0143";4,65;2251
2014-01-17;"A0143";4,37;2354
2013-07-15;"A0143";4,34;2097
2015-08-28;"A0143";4,63;1752
2014-05-09;"A0143";4,45;2210
2014-12-05;"A0351";7,85;1396
2014-07-02;"A0351";7,75;1144
2015-10-07;"A0351";8,06;1199
2014-07-26;"A0351";7,76;1418
2013-10-27;"A0143";4,36;2261
2013-01-26;"A0143";4,28;2477
2013-10-22;"A0143";4,39;2184
2014-01-09;"A0143";4,41;2277
2013-02-08;"A0351";7,43;1357
2015-07-28;"A0351";7,99;1102
2013-12-18;"A0351";7,59;1529
2015-10-22;"A0143";4,63;2043
2014-04-04;"A0143";4,42;2180
2015-02-24;"A0351";7,88;1196
2015-03-13;"A0351";7,91;1239
2014-09-02;"A0143";4,5;2230
2014-03-14;"A0351";7,66;1299
2013-03-27;"A0351";7,47;1324
2014-06-12;"A0351";7,72;1188
2015-08-03;"A0351";8,02;1059
2013-09-15;"A0143";4,36;2298
2014-07-22;"A0143";4,47;1893
2015-02-27;"A0143";4,55;2092
2015-06-08;"A0143";4,58;1933
2015-02-04;"A0143";4,53;2119
2015-12-25;"A0351";8,1;1323
2015-04-27;"A0143";4,58;2033
2015-01-04;"A0351";7,88;1541
2013-03-25;"A0351";7,44;1296
2013-11-07;"A0351";7,58;1407
2014-12-14;"A0351";7,86;1721
2015-07-26;"A0143";4,6;1785
2015-07-21;"A0143";4,59;1888
2013-04-15;"A0351";7,49;1434
2015-09-11;"A0143";4,61;1992
2013-11-17;"A0351";7,6;1794
2014-05-02;"A0143";4,45;2266
2015-07-12;"A0351";7,98;1300
2013-06-13;"A0351";7,52;1242
2013-04-17;"A0351";7,47;1369
2014-04-16;"A0143";4,44;2125
2015-03-20;"A0143";4,55;2138
2014-10-29;"A0351";7,84;1197
2015-07-17;"A0143";4,6;1730
2013-09-07;"A0351";7,56;1642
2014-03-10;"A0143";4,42;2295
2014-08-25;"A0351";7,77;1103
2013-10-08;"A0351";7,55;1359
2014-09-29;"A0143";4,48;2129
2014-01-02;"A0351";7,63;1486
2015-06-08;"A0351";7,94;1080
2015-10-19;"A0143";4,63;2023
2015-02-13;"A0351";7,89;1210
2013-12-26;"A0351";7,62;1475
2015-09-28;"A0143";4,64;1980
2014-11-30;"A0143";4,53;2261
2014-08-05;"A0143";4,47;1921
2014-08-19;"A0143";4,48;1847
2015-02-11;"A0351";7,89;1278
2014-08-04;"A0351";7,75;1146
2014-10-05;"A0143";4,51;2117
2013-10-21;"A0351";7,59;1297
2014-04-13;"A0143";4,43;2223
2015-07-31;"A0351";8,01;1033
2015-11-30;"A0143";4,63;2258
2014-02-02;"A0351";7,67;1546
2015-09-05;"A0351";8,03;1275
2014-05-08;"A0143";4,45;2291
2015-06-20;"A0143";4,6;1850
2013-11-22;"A0143";4,4;2426
2015-08-27;"A0351";8,01;1026
2014-09-06;"A0143";4,49;2127
2013-04-25;"A0351";7,46;1314
2015-12-10;"A0351";8,07;1286
2013-09-14;"A0351";7,58;1499
2014-02-25;"A0351";7,67;1353
2013-06-26;"A0143";4,34;2255
2013-07-31;"A0351";7,54;1189
2015-08-13;"A0143";4,62;1602
2015-05-31;"A0143";4,6;2035
2014-07-25;"A0143";4,48;1991
2014-05-10;"A0143";4,44;2031
2013-05-21;"A0143";4,32;2492
2015-10-10;"A0351";8,03;1415
2015-05-21;"A0351";7,97;1217
2015-08-04;"A0351";8,01;1054
2013-05-05;"A0351";7,46;1756
2013-07-27;"A0351";7,53;1521
2013-06-23;"A0143";4,35;2192
2015-11-24;"A0143";4,66;2151
2014-07-04;"A0351";7,75;1148
2015-10-23;"A0351";8,05;1175
2013-07-11;"A0351";7,5;1228
2014-09-25;"A0351";7,8;1135
2015-08-31;"A0143";4,63;1778
2015-11-24;"A0351";8,07;1251
2015-09-12;"A0143";4,62;1880
2014-04-10;"A0351";7,65;1268
2013-05-24;"A0351";7,49;1364
2014-11-12;"A0143";4,52;2309
2014-12-24;"A0351";7,85;1367
2015-02-01;"A0351";7,89;1497
2013-11-12;"A0143";4,37;2410
2013-07-31;"A0143";4,35;2133
2014-11-19;"A0143";4,52;2259
2014-02-07;"A0351";7,64;1333
2014-10-25;"A0351";7,81;1687
2015-02-28;"A0143";4,54;2157
2015-10-22;"A0351";8,05;1188
2015-04-09;"A0351";7,95;1194
2014-07-16;"A0143";4,48;1982
2014-07-28;"A0143";4,49;2005
2015-09-03;"A0351";8,03;1069
2013-01-31;"A0143";4,27;2662
2015-09-02;"A0351";8,02;1021
2014-05-18;"A0143";4,46;2053
2013-06-18;"A0351";7,5;1311
2013-09-26;"A0351";7,55;1202
2013-11-26;"A0351";7,62;1486
2013-02-27;"A0351";7,42;1428
2014-07-23;"A0351";7,78;1207
2014-02-04;"A0351";7,68;1297
2013-12-20;"A0143";4,39;2657
2013-02-16;"A0351";7,44;1850
2013-05-07;"A0351";7,46;1383
2013-10-12;"A0351";7,58;1755
2014-11-06;"A0143";4,51;2336
2013-05-20;"A0143";4,3;2501
2014-09-17;"A0351";7,78;1136
2013-01-30;"A0351";7,45;1436
2015-10-12;"A0351";8,06;1194
2015-02-07;"A0351";7,92;1485
2013-01-20;"A0351";7,43;1768
2014-11-28;"A0143";4,51;2391
2014-01-16;"A0143";4,4;2342
2013-11-01;"A0143";4,38;2429
2013-03-11;"A0143";4,29;2344
2015-06-12;"A0351";7,98;1075
2014-04-27;"A0143";4,44;2187
2014-09-14;"A0351";7,8;1371
2013-06-22;"A0143";4,32;2220
2013-10-14;"A0143";4,37;2305
2013-08-19;"A0351";7,56;1127
2013-06-20;"A0143";4,31;2138
2013-09-02;"A0351";7,57;1280
2014-07-06;"A0351";7,74;1442
2013-06-20;"A0351";7,5;1284
2013-01-09;"A0143";4,28;2676
2014-11-25;"A0143";4,52;2405
2014-06-22;"A0143";4,46;1968
2013-10-04;"A0143";4,36;2264
2013-11-06;"A0351";7,59;1394
2015-09-01;"A0351";8,03;1054
2014-04-17;"A0351";7,7;1370
2014-08-09;"A0351";7,75;1359
2015-05-12;"A0351";7,97;1194
2013-03-06;"A0143";4,29;2340
2013-02-02;"A0351";7,43;1767
2013-01-21;"A0351";7,41;1482
2013-12-13;"A0351";7,62;1463
2013-02-15;"A0351";7,45;1429
2015-03-26;"A0143";4,57;1995
2015-11-03;"A0351";8,07;1333
2013-11-24;"A0143";4,39;2452
2013-08-31;"A0351";7,55;1497
2015-04-05;"A0143";4,57;2050
2014-08-18;"A0143";4,48;1888
2014-11-03;"A0143";4,52;2309
2013-10-19;"A0143";4,37;2286
2013-07-23;"A0351";7,55;1212
2014-02-19;"A0351";7,67;1231
2014-02-04;"A0143";4,41;2303
2015-10-23;"A0143";4,65;2154
2013-05-05;"A0143";4,31;2481
2013-03-27;"A0143";4,29;2446
2015-01-03;"A0351";7,86;1606
2013-09-22;"A0143";4,36;2319
2015-03-30;"A0143";4,55;1981
2013-04-11;"A0143";4,29;2512
2013-09-27;"A0143";4,38;2335
2015-09-18;"A0143";4,63;1973
2013-10-10;"A0143";4,37;2358
2013-07-20;"A0351";7,52;1591
2014-08-02;"A0351";7,75;1424
2014-04-02;"A0351";7,67;1320
2013-11-07;"A0143";4,39;2395
2014-01-26;"A0351";7,64;1640
2013-01-19;"A0351";7,4;1862
2014-06-27;"A0143";4,47;2030
2015-02-12;"A0351";7,88;1209
2014-09-29;"A0351";7,81;1129
2015-11-11;"A0351";8,07;1246
2014-07-05;"A0351";7,76;1521
2014-08-22;"A0351";7,78;1057
2013-02-09;"A0351";7,45;1784
2013-02-18;"A0351";7,44;1372
2013-03-09;"A0351";7,46;1707
2013-02-26;"A0143";4,29;2303
2014-01-11;"A0143";4,41;2364
2014-08-07;"A0143";4,48;1853
2013-01-12;"A0143";4,27;2370
2013-03-02;"A0351";7,43;1752
2015-11-09;"A0143";4,63;2122
2015-03-04;"A0143";4,57;2176
2013-11-17;"A0143";4,39;2524
2013-11-13;"A0143";4,4;2245
2013-11-23;"A0143";4,38;2414
2014-07-14;"A0351";7,75;1134
2013-05-07;"A0143";4,32;2432
2013-05-22;"A0143";4,33;2581
2015-06-17;"A0143";4,6;1899
2015-06-20;"A0351";7,97;1392
2015-08-20;"A0351";8,01;1021
2015-01-10;"A0143";4,53;2235
2013-12-27;"A0351";7,63;1533
2014-05-27;"A0351";7,71;1327
2013-06-17;"A0143";4,33;2261
2015-04-12;"A0351";7,92;1485
2015-08-19;"A0143";4,63;1635
2013-04-01;"A0143";4,3;2296
2013-07-08;"A0351";7,51;1287
2015-04-04;"A0351";7,92;1506
2014-04-20;"A0351";7,68;1568
2015-01-29;"A0351";7,88;1331
2015-03-06;"A0143";4,54;2121
2014-07-05;"A0143";4,47;2107
2014-02-05;"A0351";7,63;1320
2015-06-30;"A0351";8;1112
2014-02-07;"A0143";4,4;2154
2015-01-11;"A0143";4,53;2092
2015-02-25;"A0351";7,88;1217
2014-01-28;"A0143";4,41;2243
2013-08-26;"A0143";4,35;1978
2014-03-28;"A0351";7,68;1315
2015-07-19;"A0351";8,02;1324
2015-01-13;"A0351";7,87;1255
2013-05-03;"A0351";7,45;1418
2014-11-16;"A0143";4,51;2428
2015-12-11;"A0351";8,11;1377
2014-03-04;"A0143";4,42;2285
2015-11-08;"A0351";8,07;1574
2013-10-28;"A0143";4,36;2294
2015-01-01;"A0351";7,86;1310
2013-01-03;"A0143";4,28;2465
2015-10-14;"A0351";8,06;1203
2013-07-03;"A0351";7,52;1227
2013-05-21;"A0351";7,49;1311
2014-06-29;"A0351";7,77;1466
2015-12-21;"A0351";8,1;1239
2015-08-22;"A0143";4,59;1785
2014-09-03;"A0351";7,78;1116
2014-05-26;"A0143";4,47;2342
2013-04-09;"A0143";4,31;2370
2014-05-28;"A0143";4,46;2350
2013-02-17;"A0143";4,29;2473
2013-03-10;"A0143";4,29;2280
2013-06-25;"A0143";4,31;2290
2014-06-22;"A0351";7,75;1464
2014-08-06;"A0143";4,48;1750
2013-08-27;"A0143";4,34;2005
2014-10-04;"A0351";7,81;1573
2014-10-05;"A0351";7,79;1546
2013-02-28;"A0143";4,28;2518
2014-05-16;"A0351";7,72;1290
2015-11-16;"A0143";4,65;2253
2013-08-12;"A0143";4,33;1873
2014-01-28;"A0351";7,65;1388
2015-10-20;"A0143";4,63;1947
2014-12-27;"A0143";4,52;2324
2015-09-27;"A0351";8,05;1306
2014-01-02;"A0143";4,41;2381
2015-05-29;"A0351";7,95;1216
2015-05-27;"A0143";4,58;2026
2013-10-17;"A0143";4,37;2274
2013-03-29;"A0351";7,45;1353
2014-06-08;"A0143";4,45;2052
2013-07-18;"A0143";4,33;2053
2013-02-14;"A0143";4,27;2422
2013-07-27;"A0143";4,35;2069
2014-10-06;"A0351";7,81;1211
2013-04-07;"A0351";7,44;1767
2013-06-10;"A0143";4,34;2176
2013-05-24;"A0143";4,32;2295
2014-05-08;"A0351";7,7;1277
2013-04-30;"A0351";7,51;1466
2015-11-26;"A0143";4,65;2260
2013-09-24;"A0143";4,37;2273
2013-04-20;"A0351";7,5;1716
2015-07-17;"A0351";7,99;1105
2014-03-08;"A0143";4,43;2105
2015-06-10;"A0143";4,61;1843
2013-10-07;"A0143";4,36;2275
2015-06-14;"A0351";7,94;1484
2015-08-30;"A0143";4,63;1645
2013-11-28;"A0351";7,59;1498
2015-12-02;"A0351";8,08;1270
2013-02-03;"A0143";4,28;2509
2014-06-30;"A0351";7,74;1159
2015-04-02;"A0143";4,58;2047
2015-10-16;"A0143";4,62;2153
2014-09-01;"A0351";7,78;1124
2014-12-23;"A0351";7,87;1432
2015-03-07;"A0143";4,56;2108
2013-02-12;"A0351";7,42;1424
2015-11-06;"A0351";8,05;1308
2013-05-27;"A0351";7,52;1409
2013-01-21;"A0143";4,28;2389
2014-01-08;"A0143";4,39;2265
2013-09-29;"A0351";7,57;1483
2014-04-20;"A0143";4,43;2295
2014-02-22;"A0143";4,42;2232
2014-09-08;"A0351";7,81;1100
2013-03-23;"A0351";7,46;1808
2015-02-16;"A0351";7,9;1250
2014-04-07;"A0351";7,7;1295
2014-04-11;"A0143";4,42;2227
2015-12-14;"A0351";8,06;1339
2013-07-18;"A0351";7,53;1171
2013-02-01;"A0351";7,4;1441
2014-11-03;"A0351";7,82;1378
2015-02-09;"A0143";4,55;1984
2014-11-14;"A0143";4,51;2281
2013-10-18;"A0143";4,37;2338
2015-05-08;"A0143";4,58;2047
2013-04-29;"A0351";7,49;1347
2015-05-25;"A0143";4,6;2004
2013-11-24;"A0351";7,6;1830
2014-05-15;"A0351";7,69;1253
2014-06-14;"A0143";4,45;2168
2014-08-29;"A0143";4,5;1772
2014-06-29;"A0143";4,47;2096
2013-04-02;"A0351";7,47;1371
2014-08-24;"A0143";4,48;1786
2014-04-01;"A0351";7,7;1297
2013-05-26;"A0143";4,32;2373
2014-10-08;"A0351";7,81;1261
2015-03-05;"A0351";7,89;1205
2015-06-15;"A0143";4,59;1900
2013-12-29;"A0143";4,4;2657
2013-10-31;"A0143";4,39;2298
2014-12-07;"A0143";4,52;2307
2015-09-17;"A0143";4,63;1952
2015-01-26;"A0351";7,89;1300
2014-07-30;"A0351";7,77;1186
2014-11-10;"A0351";7,84;1311
2015-04-10;"A0143";4,59;2074
2014-05-21;"A0351";7,71;1332
2015-11-26;"A0351";8,06;1277
2013-06-03;"A0143";4,33;2272
2014-07-22;"A0351";7,76;1132
2014-05-12;"A0351";7,74;1269
2013-09-04;"A0351";7,55;1253
2015-09-13;"A0143";4,63;2051
2015-11-02;"A0143";4,64;2109
2015-09-19;"A0143";4,64;1978
2015-05-27;"A0351";7,94;1254
2014-12-04;"A0143";4,52;2349
2014-09-21;"A0143";4,5;2067
2014-03-26;"A0351";7,7;1282
2014-05-13;"A0143";4,43;2288
2014-03-23;"A0351";7,7;1625
2015-04-13;"A0351";7,96;1174
2015-03-21;"A0143";4,56;2080
2013-10-06;"A0351";7,54;1688
2014-04-24;"A0351";7,72;1263
2015-02-28;"A0351";7,92;1642
2014-05-27;"A0143";4,46;2168
2014-03-16;"A0351";7,69;1570
2014-12-08;"A0351";7,82;1436
2014-08-20;"A0351";7,79;1112
2013-05-13;"A0351";7,5;1303
2013-10-29;"A0143";4,38;2303
2013-08-30;"A0143";4,35;2026
2015-03-18;"A0143";4,57;2117
2015-11-29;"A0143";4,66;2097
2014-12-13;"A0351";7,84;1766
2015-08-11;"A0351";8,01;1051
2015-12-12;"A0143";4,66;2305
2015-06-02;"A0143";4,6;1893
2015-10-15;"A0351";8,02;1216
2014-06-09;"A0351";7,74;1212
2013-10-16;"A0143";4,37;2389
2013-09-25;"A0351";7,57;1259
2015-07-03;"A0351";8;1097
2013-03-30;"A0143";4,31;2469
2015-01-30;"A0143";4,53;2306
2015-12-24;"A0351";8,1;1341
2013-10-31;"A0351";7,59;1301
2013-10-13;"A0143";4,36;2304
2015-07-11;"A0351";7,94;1418
2015-03-29;"A0351";7,93;1507
2015-04-25;"A0351";7,95;1515
2013-05-02;"A0351";7,48;1410
2014-12-29;"A0143";4,52;2275
2015-08-19;"A0351";8,02;1008
2014-12-03;"A0351";7,83;1440
2014-07-29;"A0351";7,79;1164
2015-01-13;"A0143";4,55;2242
2013-01-04;"A0143";4,28;2425
2013-03-23;"A0143";4,28;2389
2013-03-14;"A0351";7,47;1391
2014-10-12;"A0143";4,49;2147
2014-05-23;"A0143";4,46;2254
2013-08-06;"A0351";7,56;1088
2015-11-15;"A0143";4,65;2217
2014-04-06;"A0351";7,69;1556
2015-01-12;"A0143";4,53;2124
2014-10-15;"A0143";4,49;2183
2013-07-13;"A0351";7,51;1589
2014-07-17;"A0351";7,76;1176
2015-09-09;"A0351";8,01;1111
2013-04-06;"A0143";4,32;2442
2013-09-03;"A0143";4,38;2365
2013-07-06;"A0351";7,53;1618
2015-03-04;"A0351";7,89;1216
2014-05-09;"A0351";7,72;1265
2015-02-06;"A0351";7,9;1243
2015-05-07;"A0143";4,57;2127
2013-01-05;"A0143";4,27;2508
2014-12-03;"A0143";4,52;2356
2015-06-03;"A0351";7,96;1104
2015-05-28;"A0143";4,58;2083
2015-07-20;"A0351";7,99;1062
2015-02-02;"A0143";4,54;2174
2013-11-02;"A0143";4,41;2376
2013-02-23;"A0143";4,28;2517
2015-11-14;"A0351";8,07;1615
2014-01-24;"A0143";4,41;2297
2015-11-18;"A0351";8,07;1357
2015-02-06;"A0143";4,54;2146
2015-10-26;"A0351";8,06;1157
2015-03-02;"A0351";7,9;1258
2015-01-11;"A0351";7,85;1575
2015-12-30;"A0351";8,09;1356
2014-02-15;"A0351";7,66;1649
2013-03-21;"A0351";7,47;1394
2015-07-01;"A0351";8,01;1070
2013-03-08;"A0143";4,3;2283
2013-12-06;"A0143";4,41;2515
2013-08-27;"A0351";7,52;1172
2014-04-19;"A0143";4,43;2265
2014-01-29;"A0143";4,41;2263
2014-11-16;"A0351";7,85;1640
2015-09-13;"A0351";8,02;1383
2015-10-30;"A0351";8,07;1149
2013-03-11;"A0351";7,46;1318
2014-01-04;"A0143";4,41;2300
2015-01-30;"A0351";7,89;1318
2014-01-01;"A0351";7,64;1381
2013-06-04;"A0351";7,48;1273
2015-04-24;"A0143";4,56;2123
2013-11-25;"A0143";4,38;2453
2014-08-26;"A0143";4,5;1854
2014-11-29;"A0143";4,52;2368
2014-10-03;"A0351";7,82;1215
2015-02-12;"A0143";4,55;2004
2015-05-26;"A0351";7,96;1263
2013-12-20;"A0351";7,63;1527
2014-10-18;"A0351";7,81;1619
2013-04-15;"A0143";4,31;2431
2014-06-08;"A0351";7,75;1402
2015-04-23;"A0351";7,94;1234
2014-07-27;"A0143";4,47;2010
2014-07-31;"A0351";7,77;1153
2015-03-11;"A0143";4,55;2112
2015-02-04;"A0351";7,89;1171
2015-09-14;"A0351";8,04;1103
2013-11-19;"A0143";4,36;2627
2014-08-29;"A0351";7,79;1132
2015-04-30;"A0143";4,59;2017
2015-03-23;"A0143";4,56;1957
2014-01-07;"A0351";7,66;1330
2013-11-15;"A0351";7,61;1464
2015-05-02;"A0351";7,95;1627
2015-02-22;"A0351";7,89;1618
2013-05-08;"A0143";4,32;2472
2015-09-26;"A0351";8,02;1356
2014-01-20;"A0351";7,64;1365
2014-08-14;"A0143";4,49;1816
2014-06-17;"A0351";7,73;1194
2015-06-25;"A0143";4,59;1913
2014-12-22;"A0143";4,52;2330
2015-03-13;"A0143";4,56;2171
2014-05-31;"A0351";7,71;1625
2014-08-25;"A0143";4,47;1826
2015-01-17;"A0143";4,52;2153
2015-07-18;"A0351";7,98;1360
2015-12-04;"A0143";4,66;2124
2015-02-14;"A0351";7,87;1541
2013-03-24;"A0143";4,3;2513
2013-09-05;"A0351";7,59;1193
2013-08-23;"A0143";4,35;1935
2013-01-13;"A0351";7,44;1800
2013-08-13;"A0351";7,56;1170
2015-08-25;"A0351";8,03;985
2015-07-25;"A0351";7,98;1414
2014-11-13;"A0351";7,82;1351
2014-10-20;"A0351";7,81;1274
2014-01-12;"A0351";7,62;1711
2013-08-07;"A0351";7,54;1151
2014-05-23;"A0351";7,71;1318
2015-09-25;"A0143";4,63;1976
2014-02-10;"A0143";4,43;2196
2015-06-10;"A0351";7,96;1124
2014-06-30;"A0143";4,46;2022
2013-04-05;"A0351";7,44;1438
2013-10-09;"A0351";7,57;1340
2014-01-04;"A0351";7,63;1658
2015-03-03;"A0351";7,92;1230
2015-10-18;"A0143";4,64;2019
2014-04-25;"A0143";4,44;2204
2015-07-05;"A0143";4,6;1768
2014-05-21;"A0143";4,44;2179
2013-06-18;"A0143";4,33;2061
2013-04-26;"A0143";4,31;2395
2014-01-22;"A0143";4,39;2215
2015-07-14;"A0351";8;1074
2013-11-20;"A0351";7,62;1440
2014-11-22;"A0143";4,52;2437
2013-02-09;"A0143";4,28;2406
2015-02-20;"A0351";7,89;1238
2014-08-10;"A0351";7,76;1350
2015-12-23;"A0143";4,66;2174
2015-08-13;"A0351";8,01;1073
2014-08-11;"A0351";7,78;1123
2015-08-14;"A0351";7,99;1000
2015-02-15;"A0143";4,56;2058
2015-08-16;"A0143";4,62;1667
2013-04-24;"A0351";7,45;1317
2014-11-18;"A0143";4,51;2224
2014-04-22;"A0351";7,69;1296
2014-07-26;"A0143";4,48;2004
2015-09-07;"A0351";8,03;1097
2014-04-18;"A0143";4,43;2223
2014-10-03;"A0143";4,5;2257
2014-07-21;"A0143";4,46;2064
2014-12-15;"A0351";7,88;1348
2014-01-07;"A0143";4,4;2260
2013-02-10;"A0143";4,29;2402
2014-08-31;"A0143";4,48;1725
2014-10-26;"A0351";7,82;1554
2015-03-30;"A0351";7,92;1215
2013-05-16;"A0143";4,31;2364
2014-10-19;"A0143";4,52;2169
2014-02-09;"A0351";7,68;1617
2015-10-28;"A0351";8,07;1086
2014-03-30;"A0143";4,45;2361
2015-02-11;"A0143";4,56;2110
2014-01-10;"A0351";7,65;1368
2013-01-18;"A0143";4,28;2420
2013-07-17;"A0143";4,32;2248
2015-11-11;"A0143";4,66;2101
2013-08-26;"A0351";7,56;1140
2014-06-01;"A0351";7,73;1447
2015-04-28;"A0351";7,93;1241
2015-01-14;"A0351";7,88;1253
2013-01-16;"A0143";4,28;2378
2015-10-07;"A0143";4,63;2050
2015-03-01;"A0143";4,55;2135
2015-07-16;"A0143";4,61;1721
2015-11-20;"A0351";8,07;1291
2013-01-07;"A0143";4,28;2324
2015-09-30;"A0143";4,63;2006
2015-04-14;"A0143";4,57;2054
2015-03-28;"A0143";4,57;2133
2015-05-04;"A0351";7,93;1245
2014-08-17;"A0351";7,76;1342
2014-12-09;"A0351";7,85;1418
2014-03-04;"A0351";7,71;1273
2014-01-21;"A0143";4,4;2323
2014-02-26;"A0143";4,41;2183
2013-03-19;"A0143";4,31;2404
2015-01-20;"A0143";4,54;2168
2013-11-16;"A0351";7,62;1811
2015-12-07;"A0143";4,65;2192
2014-09-20;"A0143";4,49;2043
2013-08-25;"A0143";4,34;2025
2014-12-04;"A0351";7,86;1456
2015-07-16;"A0351";7,98;1172
2013-04-18;"A0351";7,48;1358
2015-01-05;"A0143";4,53;2119
2015-08-06;"A0143";4,62;1721
2013-06-14;"A0143";4,33;2082
2014-02-06;"A0351";7,65;1300
2015-09-28;"A0351";8,05;1093
2013-12-02;"A0351";7,62;1488
2015-01-28;"A0143";4,55;2146
2013-03-18;"A0351";7,45;1319
2014-12-19;"A0143";4,54;2383
2014-06-18;"A0351";7,73;1159
2015-03-08;"A0143";4,58;2117
2015-04-09;"A0143";4,58;2110
2014-07-15;"A0143";4,47;1893
2013-02-02;"A0143";4,3;2313
2014-02-25;"A0143";4,41;2308
2015-06-18;"A0143";4,58;1971
2013-07-07;"A0143";4,33;2174
2014-01-31;"A0351";7,65;1340
2013-02-07;"A0351";7,4;1419
2013-01-11;"A0143";4,27;2372
2015-03-05;"A0143";4,56;2052
2013-07-15;"A0351";7,53;1271
2014-01-11;"A0351";7,64;1719
2015-01-23;"A0351";7,86;1248
2013-01-10;"A0351";7,42;1464
2013-08-13;"A0143";4,36;2006
2014-12-30;"A0143";4,54;2335
2014-03-03;"A0143";4,43;2296
2015-10-25;"A0351";8,03;1523
2015-02-26;"A0143";4,56;2031
2015-06-05;"A0143";4,6;1931
2015-12-31;"A0143";4,68;2032
2013-01-27;"A0351";7,43;1794
2014-07-02;"A0143";4,47;1923
2014-06-20;"A0143";4,46;2004
2015-08-01;"A0143";4,61;1673
2013-08-10;"A0143";4,35;1878
2015-07-07;"A0351";7,99;1060
2014-04-03;"A0143";4,44;2183
2014-06-04;"A0143";4,45;1943
2014-08-16;"A0143";4,48;1923
2014-01-20;"A0143";4,41;2328
2013-05-04;"A0351";7,49;1725
2015-07-02;"A0143";4,6;1896
2013-08-14;"A0143";4,36;1913
2014-12-29;"A0351";7,85;1447
2014-10-31;"A0351";7,82;1208
2015-08-29;"A0143";4,62;1593
2014-01-14;"A0143";4,41;2287
2015-03-16;"A0351";7,93;1219
2015-08-21;"A0143";4,62;1680
2013-11-05;"A0143";4,39;2614
2015-09-08;"A0351";8,01;1099
2014-09-10;"A0351";7,78;1157
2015-08-23;"A0351";8,03;1318
2013-09-17;"A0351";7,57;1256
2015-11-01;"A0351";8,08;1558
2013-10-30;"A0143";4,36;2329
2015-09-23;"A0351";8,02;1103
2014-03-02;"A0351";7,66;1660
2013-03-24;"A0351";7,5;1736
2015-07-11;"A0143";4,61;1776
2013-09-08;"A0351";7,55;1535
2014-10-09;"A0351";7,82;1195
2013-11-27;"A0351";7,61;1488
2014-05-11;"A0143";4,44;2222
2014-11-01;"A0143";4,51;2156
2013-10-25;"A0143";4,36;2229
2014-12-18;"A0143";4,52;2487
2013-12-04;"A0351";7,62;1521
2013-09-18;"A0143";4,36;2319
2014-09-13;"A0143";4,49;2104
2013-03-08;"A0351";7,44;1447
2013-12-13;"A0143";4,39;2535
2014-10-17;"A0143";4,49;2146
2014-08-28;"A0143";4,5;1851
2013-05-18;"A0351";7,47;1772
2013-01-02;"A0351";7,43;1458
2015-11-01;"A0143";4,64;2080
2013-01-29;"A0351";7,44;1535
2015-09-29;"A0351";8,04;1071
2014-06-21;"A0351";7,74;1522
2015-08-05;"A0143";4,61;1625
2014-07-15;"A0351";7,75;1163
2014-09-24;"A0143";4,5;2146
2015-05-26;"A0143";4,58;1985
2014-11-24;"A0351";7,82;1367
2015-04-07;"A0351";7,94;1291
2014-09-04;"A0143";4,5;2216
2014-07-20;"A0143";4,48;1916
2013-12-28;"A0143";4,39;2496
2015-02-23;"A0351";7,91;1203
2013-07-07;"A0351";7,51;1574
2013-03-09;"A0143";4,3;2435
2014-02-23;"A0351";7,69;1696
2014-11-17;"A0351";7,82;1368
2013-10-05;"A0351";7,57;1821
2014-06-01;"A0143";4,47;2101
2014-01-12;"A0143";4,39;2399
2015-12-06;"A0143";4,67;2193
2013-07-25;"A0351";7,52;1328
2013-06-27;"A0143";4,33;2120
2015-11-13;"A0143";4,64;2210
2014-02-08;"A0143";4,4;2395
2014-11-01;"A0351";7,84;1764
2015-12-04;"A0351";8,09;1345
2014-08-03;"A0351";7,75;1372
2014-04-29;"A0351";7,7;1251
2015-08-15;"A0351";8;1389
2014-03-22;"A0351";7,7;1662
2013-11-10;"A0351";7,57;1645
2015-09-22;"A0351";8;1045
2013-04-28;"A0143";4,31;2420
2014-05-29;"A0143";4,44;2194
2013-02-24;"A0351";7,44;1755
2013-10-15;"A0143";4,37;2409
2015-09-22;"A0143";4,64;1918
2013-07-16;"A0351";7,53;1199
2014-04-15;"A0143";4,44;2090
2014-10-24;"A0143";4,51;2213
2014-03-15;"A0351";7,69;1623
2014-11-07;"A0143";4,51;2265
2014-07-16;"A0351";7,76;1182
2014-12-21;"A0143";4,52;2296
2014-10-11;"A0143";4,52;2130
2014-01-19;"A0351";7,65;1707
2014-02-15;"A0143";4,43;2241
2015-04-02;"A0351";7,94;1181
2014-06-06;"A0351";7,76;1112
2014-12-10;"A0351";7,81;1413
2014-12-18;"A0351";7,83;1532
2015-12-17;"A0351";8,11;1274
2014-10-16;"A0143";4,5;2191
2014-06-28;"A0351";7,75;1457
2013-02-10;"A0351";7,42;1698
2015-03-12;"A0351";7,91;1220
2014-10-28;"A0143";4,51;2353
2013-11-22;"A0351";7,62;1449
2014-12-31;"A0143";4,53;2334
2013-10-19;"A0351";7,57;1696
2013-09-02;"A0143";4,36;2329
2014-06-03;"A0351";7,72;1198
2014-10-14;"A0143";4,49;2276
2013-08-23;"A0351";7,54;1158
2015-06-22;"A0143";4,6;1899
2014-03-20;"A0143";4,42;2273
2015-05-03;"A0143";4,58;2091
2015-09-23;"A0143";4,62;2023
2013-03-02;"A0143";4,28;2401
2015-04-16;"A0143";4,57;2049
2013-02-06;"A0143";4,29;2489
2013-12-16;"A0351";7,62;1467
2015-11-21;"A0351";8,08;1604
2013-09-16;"A0143";4,36;2297
2013-06-19;"A0351";7,51;1285
2014-12-06;"A0143";4,52;2414
2014-01-27;"A0143";4,39;2375
2013-03-28;"A0351";7,45;1363
2014-12-28;"A0143";4,52;2365
2015-11-05;"A0351";8,02;1327
2014-06-23;"A0351";7,75;1166
2015-10-13;"A0143";4,64;1926
2013-03-18;"A0143";4,31;2416
2014-02-14;"A0351";7,68;1265
2014-06-06;"A0143";4,43;2143
2013-12-25;"A0143";4,39;2468
2014-10-30;"A0143";4,52;2176
2014-07-10;"A0143";4,47;1880
2014-11-12;"A0351";7,82;1421
2013-05-12;"A0143";4,33;2345
2015-12-20;"A0143";4,64;2225
2015-11-25;"A0143";4,64;2256
2015-01-04;"A0143";4,52;2064
2015-07-24;"A0143";4,6;1731
2013-02-13;"A0351";7,43;1395
2013-09-07;"A0143";4,36;2362
2014-02-12;"A0351";7,66;1335
2013-01-19;"A0143";4,26;2667
2014-07-24;"A0351";7,77;1234
2015-03-31;"A0143";4,58;2048
2014-11-04;"A0351";7,84;1339
2015-04-19;"A0351";7,92;1523
2013-11-08;"A0351";7,58;1443
2013-04-08;"A0143";4,31;2416
2014-12-27;"A0351";7,87;1790
2015-09-11;"A0351";8,02;1097
2013-02-19;"A0351";7,44;1366
2014-11-11;"A0143";4,5;2439
2013-09-05;"A0143";4,35;2341
2013-06-23;"A0351";7,53;1601
2013-11-08;"A0143";4,39;2492
2013-10-07;"A0351";7,58;1354
2014-01-05;"A0351";7,61;1615
2015-12-12;"A0351";8,08;1662
2014-08-26;"A0351";7,79;1073
2013-03-30;"A0351";7,47;1805
2013-05-27;"A0143";4,32;2471
2013-08-22;"A0143";4,35;2002
2013-07-08;"A0143";4,35;2002
2013-03-13;"A0351";7,44;1409
2015-03-10;"A0351";7,91;1240
2014-02-01;"A0143";4,39;2320
2013-04-02;"A0143";4,32;2362
2013-07-09;"A0143";4,35;2082
2014-01-10;"A0143";4,4;2340
2013-08-18;"A0351";7,5;1536
2015-12-09;"A0143";4,66;2098
2015-07-27;"A0351";8,01;1112
2015-02-08;"A0143";4,54;2113
2015-04-27;"A0351";7,94;1279
2013-12-06;"A0351";7,62;1487
2014-03-19;"A0351";7,68;1317
2013-12-18;"A0143";4,4;2485
2013-04-27;"A0143";4,32;2370
2014-06-02;"A0351";7,71;1200
2013-10-17;"A0351";7,58;1454
2014-04-03;"A0351";7,69;1290
2015-06-09;"A0143";4,59;1893
2013-07-26;"A0143";4,34;2021
2013-08-03;"A0143";4,35;1939
2013-01-22;"A0143";4,28;2607
2014-05-13;"A0351";7,7;1256
2013-12-03;"A0143";4,4;2499
2013-06-25;"A0351";7,51;1215
2014-03-12;"A0143";4,43;2302
2014-03-20;"A0351";7,65;1307
2015-07-22;"A0351";8,01;1012
2015-10-09;"A0351";8,03;1161
2014-05-17;"A0351";7,73;1657
2015-05-02;"A0143";4,58;2127
2015-02-19;"A0143";4,55;2095
2013-07-02;"A0351";7,53;1232
2013-06-01;"A0143";4,33;2134
2013-10-12;"A0143";4,38;2206
2014-06-10;"A0143";4,45;2079
2014-06-07;"A0143";4,46;1966
2014-07-01;"A0143";4,45;1844
2014-12-17;"A0143";4,5;2257
2013-01-23;"A0351";7,44;1409
2015-06-24;"A0143";4,59;1851
2015-08-18;"A0143";4,62;1677
2015-06-26;"A0143";4,59;1913
2015-08-27;"A0143";4,63;1664
2014-07-20;"A0351";7,77;1393
2013-04-20;"A0143";4,31;2405
2014-11-18;"A0351";7,84;1458
2013-09-28;"A0351";7,6;1564
2014-10-27;"A0143";4,51;2076
2015-04-06;"A0143";4,57;2132
2013-01-03;"A0351";7,42;1468
2015-07-29;"A0143";4,61;1813
2014-02-23;"A0143";4,4;2287
2013-12-14;"A0143";4,4;2424
2013-12-08;"A0351";7,62;1734
2015-12-08;"A0351";8,1;1361
2014-01-22;"A0351";7,64;1452
2015-10-21;"A0351";8,06;1147
2013-09-10;"A0351";7,57;1201
2014-01-23;"A0351";7,66;1388
2014-09-14;"A0143";4,49;2298
2015-11-04;"A0143";4,65;2220
2013-03-28;"A0143";4,32;2459
2015-11-07;"A0143";4,64;2161
2013-12-07;"A0351";7,6;2021
2013-07-29;"A0143";4,33;2166
2015-10-05;"A0351";8,03;1161
2014-10-12;"A0351";7,82;1498
2013-08-08;"A0351";7,52;1175
2013-08-03;"A0351";7,52;1516
2013-06-08;"A0351";7,5;1627
2013-08-28;"A0143";4,34;1897
2015-12-05;"A0143";4,66;2183
2014-06-26;"A0351";7,74;1166
2013-05-28;"A0143";4,31;2370
2015-02-24;"A0143";4,55;2140
2014-07-07;"A0143";4,47;2006
2013-12-08;"A0143";4,39;2360
2015-03-21;"A0351";7,9;1604
2014-11-06;"A0351";7,82;1340
2013-04-12;"A0143";4,31;2428
2014-03-13;"A0351";7,67;1272
2013-08-01;"A0143";4,35;1977
2015-08-12;"A0351";8,05;1045
2014-05-01;"A0143";4,43;2284
2014-07-25;"A0351";7,77;1132
2013-12-10;"A0143";4,37;2640
2015-04-22;"A0351";7,91;1193
2015-11-08;"A0143";4,65;2152
2015-01-14;"A0143";4,53;2090
2013-08-21;"A0143";4,34;1933
2013-10-27;"A0351";7,62;1605
2015-05-24;"A0143";4,61;1916
2015-03-11;"A0351";7,91;1241
2013-06-27;"A0351";7,51;1291
2014-04-13;"A0351";7,68;1553
2013-03-16;"A0351";7,45;1751
2015-07-29;"A0351";8;1090
2015-08-06;"A0351";8,03;1035
2013-12-30;"A0351";7,63;1517
2015-10-02;"A0143";4,65;1993
2014-01-15;"A0143";4,39;2346
2014-08-10;"A0143";4,48;1749
2014-09-23;"A0351";7,82;1115
2014-01-14;"A0351";7,66;1353
2013-03-16;"A0143";4,3;2519
2013-12-09;"A0351";7,62;1546
2015-06-06;"A0143";4,59;1861
2015-08-02;"A0351";8;1265
2013-09-27;"A0351";7,58;1237
2015-10-01;"A0351";8,02;1209
2015-09-24;"A0143";4,63;1997
2013-12-03;"A0351";7,61;1479
2014-04-12;"A0351";7,7;1603
2014-08-13;"A0143";4,48;1708
2015-06-23;"A0351";7,99;1067
2015-10-10;"A0143";4,65;2017
2015-02-27;"A0351";7,87;1140
2014-11-27;"A0351";7,84;1359
2015-04-12;"A0143";4,55;2033
2014-09-26;"A0351";7,79;1164
2015-02-03;"A0351";7,87;1223
2013-12-02;"A0143";4,38;2477
2013-01-15;"A0143";4,28;2554
2015-04-23;"A0143";4,59;2026
2014-04-23;"A0143";4,44;2156
2015-12-22;"A0143";4,65;2164
2015-12-10;"A0143";4,65;2161
2015-09-06;"A0351";8,05;1307
2015-03-26;"A0351";7,93;1257
2013-04-23;"A0351";7,46;1412
2015-04-22;"A0143";4,57;2068
2014-09-30;"A0143";4,49;2182
2014-11-20;"A0143";4,51;2359
2013-05-02;"A0143";4,3;2477
2015-03-27;"A0351";7,92;1237
2015-07-06;"A0143";4,59;1872
2015-01-05;"A0351";7,87;1251
2014-09-13;"A0351";7,81;1455
2015-07-30;"A0351";7,99;1061
2014-06-17;"A0143";4,47;2014
2013-04-12;"A0351";7,47;1379
2015-11-15;"A0351";8,06;1584
2013-07-11;"A0143";4,34;2135
2014-03-24;"A0351";7,66;1345
2013-07-06;"A0143";4,34;2014
2014-10-10;"A0143";4,51;2164
2014-10-11;"A0351";7,83;1598
2013-09-15;"A0351";7,56;1464
2015-10-16;"A0351";8,06;1201
2014-05-07;"A0143";4,44;2159
2015-09-16;"A0351";8,02;1077
2015-11-29;"A0351";8,08;1567
2014-10-14;"A0351";7,82;1194
2014-01-19;"A0143";4,41;2305
2013-04-08;"A0351";7,46;1433
2015-04-26;"A0351";7,95;1518
2015-11-10;"A0351";8,05;1312
2014-05-10;"A0351";7,68;1577
2013-07-24;"A0143";4,34;2125
2015-04-28;"A0143";4,57;2159
2014-02-24;"A0143";4,42;2153
2015-11-18;"A0143";4,66;2096
2014-06-03;"A0143";4,44;2102
2013-01-06;"A0351";7,42;1943
2015-09-05;"A0143";4,64;1966
2013-12-07;"A0143";4,4;2457
2015-02-25;"A0143";4,55;2063
2014-09-15;"A0351";7,81;1135
2015-11-20;"A0143";4,64;2078
2015-07-23;"A0351";7,99;1036
2013-09-06;"A0351";7,57;1210
2014-04-09;"A0143";4,43;2200
2015-09-15;"A0351";8,02;1120
2014-09-28;"A0143";4,53;2087
2013-09-26;"A0143";4,37;2348
2015-03-24;"A0143";4,57;2114
2014-03-03;"A0351";7,65;1335
2015-05-15;"A0351";7,95;1140
2014-03-07;"A0143";4,43;2262
2013-09-01;"A0143";4,36;2364
2015-12-23;"A0351";8,09;1271
2015-03-09;"A0143";4,56;2142
2014-10-28;"A0351";7,83;1270
2015-09-09;"A0143";4,61;2017
2015-12-16;"A0351";8,09;1331
2013-05-20;"A0351";7,51;1404
2013-07-05;"A0143";4,34;2104
2013-06-15;"A0143";4,33;2315
2014-08-23;"A0143";4,47;1819
2013-07-12;"A0143";4,34;2030
2013-03-31;"A0143";4,3;2439
2015-09-21;"A0143";4,64;2065
2014-06-19;"A0351";7,73;1128
2014-08-22;"A0143";4,49;1769
2014-08-01;"A0143";4,49;1798
2014-03-13;"A0143";4,43;2244
2014-07-04;"A0143";4,46;2007
2013-11-30;"A0351";7,59;1969
2013-07-21;"A0143";4,35;2159
2014-06-09;"A0143";4,46;2089
2013-03-15;"A0351";7,45;1439
2014-06-10;"A0351";7,77;1207
2015-12-26;"A0351";8,12;1643
2015-08-14;"A0143";4,61;1760
2014-04-15;"A0351";7,71;1282
2013-11-10;"A0143";4,37;2404
2015-04-18;"A0143";4,57;2109
2014-05-06;"A0351";7,67;1418
2015-04-17;"A0351";7,92;1208
2015-12-19;"A0143";4,65;2243
2013-02-14;"A0351";7,46;1374
2015-03-16;"A0143";4,57;2076
2015-06-28;"A0351";7,99;1414
2015-08-18;"A0351";7,99;1081
2014-10-06;"A0143";4,48;2199
2014-12-31;"A0351";7,87;1437
2014-03-17;"A0351";7,69;1322
2014-04-16;"A0351";7,69;1310
2014-12-26;"A0143";4,53;2370
2013-05-29;"A0351";7,47;1382
2015-07-18;"A0143";4,61;1781
2014-07-13;"A0143";4,46;2037
2015-12-03;"A0143";4,65;2121
2013-12-22;"A0351";7,66;1782
2013-06-24;"A0143";4,31;2117
2015-10-03;"A0351";8,01;1517
2015-04-25;"A0143";4,58;2121
2013-06-12;"A0143";4,32;2240
2015-11-02;"A0351";8,06;1244
2013-12-17;"A0143";4,38;2530
2014-08-21;"A0351";7,78;1161
2013-04-23;"A0143";4,31;2426
2013-11-29;"A0351";7,6;1432
2015-06-21;"A0351";7,96;1381
2013-01-31;"A0351";7,42;1393
2014-02-03;"A0143";4,42;2242
2014-02-20;"A0143";4,4;2243
2013-04-01;"A0351";7,45;1395
2015-12-01;"A0143";4,65;2113
2015-05-18;"A0143";4,56;2119
2013-11-11;"A0143";4,38;2510
2014-06-16;"A0143";4,45;2104
2014-11-05;"A0351";7,83;1364
2015-03-15;"A0351";7,9;1503
2015-09-25;"A0351";8,02;1050
2013-12-17;"A0351";7,62;1505
2015-04-29;"A0351";7,94;1174
2013-09-21;"A0143";4,35;2316
2015-11-19;"A0351";8,07;1298
2013-09-09;"A0351";7,57;1261
2015-02-14;"A0143";4,56;2142
2015-06-23;"A0143";4,6;1859
2015-05-11;"A0351";7,96;1179
2013-04-24;"A0143";4,32;2438
2013-11-13;"A0351";7,62;1434
2015-12-01;"A0351";8,08;1351
2013-04-17;"A0143";4,32;2251
2014-06-21;"A0143";4,45;1913
2015-12-27;"A0143";4,67;2165
2014-08-14;"A0351";7,79;1077
2014-01-27;"A0351";7,65;1354
2013-07-26;"A0351";7,51;1270
2014-02-13;"A0351";7,66;1402
2013-06-09;"A0351";7,51;1553
2013-05-30;"A0351";7,52;1328
2013-05-11;"A0351";7,47;1771
2014-08-01;"A0351";7,75;1086
2015-04-19;"A0143";4,57;2042
2014-08-30;"A0351";7,78;1320
2013-05-18;"A0143";4,33;2351
2015-10-27;"A0351";8,08;1144
2014-09-07;"A0143";4,47;2158
2015-10-15;"A0143";4,64;1991
2015-09-02;"A0143";4,62;1904
2013-03-20;"A0143";4,29;2455
2015-10-24;"A0351";8,06;1501
2014-08-09;"A0143";4,47;1880
2015-09-19;"A0351";8,05;1323
2015-06-04;"A0351";7,98;1125
2015-10-13;"A0351";8,05;1173
2015-04-13;"A0143";4,56;2144
2014-11-23;"A0143";4,52;2362
2015-06-14;"A0143";4,59;1790
2014-02-27;"A0351";7,66;1270
2013-07-22;"A0143";4,34;2169
2014-02-13;"A0143";4,43;2292
2014-12-01;"A0143";4,5;2424
2014-12-24;"A0143";4,51;2462
2014-12-25;"A0351";7,86;1435
2015-12-22;"A0351";8,07;1369
2014-12-21;"A0351";7,86;1798
2013-12-12;"A0143";4,39;2502
2014-02-24;"A0351";7,68;1308
2013-11-09;"A0351";7,57;1863
2015-10-19;"A0351";8,04;1193
2014-06-24;"A0351";7,75;1187
2013-09-19;"A0143";4,35;2359
2013-10-23;"A0351";7,59;1320
2015-03-25;"A0351";7,94;1216
2014-04-05;"A0351";7,68;1691
2013-05-30;"A0143";4,32;2320
2014-02-28;"A0351";7,66;1352
2015-06-19;"A0143";4,58;1887
2013-07-19;"A0351";7,52;1200
2013-01-08;"A0143";4,26;2498
2013-06-02;"A0143";4,33;2192
2015-01-07;"A0143";4,53;2245
2015-01-16;"A0143";4,54;2154
2014-02-01;"A0351";7,63;1701
2013-12-21;"A0143";4,4;2463
2014-01-05;"A0143";4,4;2334
2015-08-01;"A0351";8;1340
2015-06-29;"A0143";4,62;1935
2013-09-09;"A0143";4,37;2225
2014-04-17;"A0143";4,44;2272
2014-11-19;"A0351";7,83;1391
2013-12-29;"A0351";7,63;1891
2013-02-21;"A0143";4,29;2364
2015-07-10;"A0143";4,59;1757
2013-06-02;"A0351";7,5;1606
2015-02-21;"A0351";7,9;1560
2014-10-31;"A0143";4,5;2056
2013-01-23;"A0143";4,29;2541
2013-09-13;"A0143";4,37;2323
2014-08-16;"A0351";7,78;1464
2013-12-23;"A0351";7,59;1475
2014-12-05;"A0143";4,5;2405
2013-01-28;"A0351";7,42;1494
2014-11-08;"A0143";4,52;2307
2014-11-29;"A0351";7,85;1730
2014-06-02;"A0143";4,46;1961
2015-06-18;"A0351";8;1116
2013-08-19;"A0143";4,35;2003
2013-11-18;"A0143";4,37;2492
2013-12-21;"A0351";7,63;1934
2013-10-10;"A0351";7,57;1345
2015-03-09;"A0351";7,89;1248
2015-09-17;"A0351";8,02;1037
2015-08-10;"A0143";4,62;1708
2014-12-16;"A0351";7,85;1406
2014-08-13;"A0351";7,75;1089
2013-08-09;"A0143";4,33;1954
2013-05-12;"A0351";7,47;1741
2013-10-05;"A0143";4,36;2351
2013-06-03;"A0351";7,5;1188
2013-09-23;"A0351";7,55;1172
2013-12-01;"A0143";4,39;2712
2013-12-11;"A0351";7,64;1511
2015-07-15;"A0143";4,61;1855
2014-11-04;"A0143";4,52;2236
2014-08-12;"A0351";7,8;1100
2015-03-06;"A0351";7,9;1202
2013-11-15;"A0143";4,39;2510
2015-12-18;"A0143";4,65;2270
2014-03-26;"A0143";4,42;2120
2014-07-21;"A0351";7,76;1111
2013-10-21;"A0143";4,38;2252
2013-03-31;"A0351";7,45;1696
2014-02-20;"A0351";7,67;1247
2014-04-05;"A0143";4,43;2130
2013-03-25;"A0143";4,29;2355
2013-06-22;"A0351";7,51;1655
2015-07-28;"A0143";4,62;1747
2014-06-15;"A0351";7,77;1471
2015-08-09;"A0143";4,61;1663
2015-10-26;"A0143";4,62;1983
2013-01-22;"A0351";7,4;1443
2014-01-30;"A0351";7,67;1430
2014-08-21;"A0143";4,49;1788
2015-02-07;"A0143";4,54;2043
2013-03-03;"A0143";4,29;2378
2014-03-22;"A0143";4,43;2301
2014-04-26;"A0351";7,7;1653
2013-07-29;"A0351";7,54;1219
2014-12-20;"A0351";7,87;1780
2013-01-10;"A0143";4,27;2550
2013-08-29;"A0143";4,36;1939
2014-08-15;"A0351";7,79;1110
2014-08-23;"A0351";7,8;1418
2015-05-22;"A0143";4,6;2150
2013-05-11;"A0143";4,33;2481
2013-01-25;"A0351";7,43;1394
2014-05-24;"A0143";4,45;2156
2015-08-07;"A0351";7,99;1111
2015-12-28;"A0351";8,09;1369
2015-03-27;"A0143";4,57;2106
2015-07-09;"A0351";8,02;1116
2015-10-17;"A0351";8,05;1459
2013-09-11;"A0143";4,35;2278
2013-09-30;"A0351";7,58;1228
2014-12-02;"A0351";7,84;1418
2013-04-14;"A0351";7,5;1638
2013-02-05;"A0143";4,25;2451
2014-06-13;"A0143";4,47;2043
2014-03-18;"A0143";4,44;2184
2013-04-10;"A0351";7,47;1390
2013-03-12;"A0143";4,32;2344
2015-03-19;"A0143";4,57;2123
2015-08-11;"A0143";4,6;1738
2013-11-21;"A0143";4,37;2565
2015-01-09;"A0351";7,86;1290
2013-07-04;"A0143";4,34;2061
2015-11-21;"A0143";4,67;2036
2013-11-26;"A0143";4,39;2479
2014-07-19;"A0351";7,75;1529
2014-10-13;"A0351";7,82;1349
2013-05-10;"A0143";4,31;2354
2013-08-01;"A0351";7,55;1203
2014-08-07;"A0351";7,78;1148
2014-05-29;"A0351";7,73;1319
2013-10-29;"A0351";7,61;1311
2013-10-09;"A0143";4,4;2358
2015-05-20;"A0351";7,97;1220
2013-12-04;"A0143";4,37;2572
2013-09-25;"A0143";4,38;2321
2015-03-29;"A0143";4,57;2065
2015-07-30;"A0143";4,61;1828
2015-12-13;"A0143";4,66;2103
2015-01-25;"A0351";7,87;1578
2013-04-11;"A0351";7,5;1371
2014-09-19;"A0351";7,79;1121
2013-11-02;"A0351";7,64;1960
2015-07-08;"A0351";7,96;1081
2013-12-24;"A0351";7,63;1512
2014-05-11;"A0351";7,7;1631
2013-06-05;"A0351";7,5;1297
2014-09-12;"A0143";4,49;2211
2013-06-01;"A0351";7,54;1629
2015-01-07;"A0351";7,86;1285
2015-08-28;"A0351";8,03;1013
2014-07-03;"A0143";4,46;2011
2013-12-09;"A0143";4,39;2583
2014-05-03;"A0143";4,46;2159
2013-07-14;"A0143";4,35;2082
2015-12-15;"A0143";4,65;2134
2013-09-14;"A0143";4,37;2353
2013-10-01;"A0143";4,35;2471
2014-04-18;"A0351";7,69;1266
2014-11-26;"A0143";4,51;2256
2014-09-30;"A0351";7,81;1156
2014-02-02;"A0143";4,4;2402
2014-11-09;"A0143";4,52;2440
2014-07-09;"A0143";4,47;1969
2015-11-06;"A0143";4,65;2021
2014-02-21;"A0143";4,41;2262
2015-12-27;"A0351";8,1;1524
2014-09-23;"A0143";4,49;2230
2015-05-21;"A0143";4,59;1995
2013-08-12;"A0351";7,52;1219
2014-06-27;"A0351";7,73;1146
2015-08-29;"A0351";8;1390
2015-06-21;"A0143";4,61;1947
2014-03-28;"A0143";4,43;2229
2013-11-06;"A0143";4,38;2497
2013-09-20;"A0351";7,58;1248
2013-07-12;"A0351";7,52;1197
2013-07-10;"A0143";4,34;1993
2013-08-21;"A0351";7,57;1109
2014-06-24;"A0143";4,46;2011
2014-09-07;"A0351";7,8;1398
2015-05-10;"A0143";4,59;2041
2015-01-22;"A0351";7,89;1250
2014-12-06;"A0351";7,82;1797
2013-04-16;"A0351";7,48;1342
2015-01-12;"A0351";7,88;1277
2013-10-20;"A0351";7,58;1695
2014-03-05;"A0351";7,68;1282
2014-08-27;"A0351";7,8;1100
2015-01-23;"A0143";4,55;2001
2013-05-01;"A0143";4,31;2420
2014-10-18;"A0143";4,48;2218
2015-06-22;"A0351";7,98;1058
2014-01-15;"A0351";7,66;1376
2014-11-20;"A0351";7,85;1268
2013-08-29;"A0351";7,59;1142
2015-06-07;"A0351";7,93;1392
2015-12-19;"A0351";8,11;1771
2013-08-17;"A0143";4,34;1944
2013-03-12;"A0351";7,45;1407
2015-10-18;"A0351";8,03;1372
2013-02-01;"A0143";4,28;2448
2014-05-26;"A0351";7,74;1342
2015-03-01;"A0351";7,93;1423
2014-01-24;"A0351";7,64;1329
2015-10-11;"A0143";4,61;2073
2015-10-29;"A0351";8,08;1152
2013-07-05;"A0351";7,52;1230
2014-05-25;"A0351";7,72;1655
2014-12-15;"A0143";4,53;2559
2013-01-14;"A0143";4,27;2550
2014-09-02;"A0351";7,77;1157
2013-11-21;"A0351";7,6;1393
2015-09-01;"A0143";4,62;1968
2014-06-19;"A0143";4,45;2049
2014-06-11;"A0351";7,75;1180
2013-12-01;"A0351";7,62;1832
2013-07-16;"A0143";4,35;2034
2014-03-25;"A0351";7,67;1293
2013-05-23;"A0143";4,33;2396
2014-05-16;"A0143";4,46;2219
2013-08-22;"A0351";7,54;1119
2015-07-31;"A0143";4,61;1783
2014-06-26;"A0143";4,46;2106
2013-10-22;"A0351";7,6;1387
2014-01-21;"A0351";7,64;1399
2015-02-22;"A0143";4,55;2183
2014-09-17;"A0143";4,49;2217
2015-04-18;"A0351";7,97;1622
2015-03-19;"A0351";7,91;1184
2014-07-11;"A0143";4,46;1770
2014-06-14;"A0351";7,74;1459
2013-08-05;"A0143";4,36;1973
2015-07-23;"A0143";4,59;1770
2014-11-02;"A0143";4,51;2315
2014-09-24;"A0351";7,79;1112
2015-03-24;"A0351";7,91;1272
2015-04-04;"A0143";4,56;1924
2015-04-10;"A0351";7,94;1207
2014-10-20;"A0143";4,49;2167
2014-07-12;"A0143";4,46;1924
2014-06-25;"A0143";4,47;1982
2014-11-21;"A0143";4,52;2260
2014-09-08;"A0143";4,49;2213
2015-10-17;"A0143";4,64;1978
2014-05-02;"A0351";7,7;1336
2013-05-10;"A0351";7,46;1418
2015-05-08;"A0351";7,92;1199
2015-08-24;"A0351";7,98;1058
2014-12-13;"A0143";4,52;2348
2013-09-12;"A0351";7,57;1229
2015-02-02;"A0351";7,88;1233
2014-09-16;"A0351";7,81;1180
2015-12-21;"A0143";4,67;2098
2015-02-19;"A0351";7,9;1295
2015-08-05;"A0351";8,04;992
2014-08-08;"A0143";4,47;1857
2013-08-02;"A0143";4,34;1994
2015-12-05;"A0351";8,09;1689
2014-05-14;"A0351";7,7;1387
2015-03-18;"A0351";7,93;1226
2014-04-21;"A0351";7,72;1377
2013-09-11;"A0351";7,57;1213
2015-12-08;"A0143";4,64;2270
2013-08-04;"A0351";7,55;1488
2014-12-11;"A0351";7,88;1415
2014-07-19;"A0143";4,46;1890
2013-03-21;"A0143";4,29;2520
2014-09-15;"A0143";4,5;2093
2014-05-07;"A0351";7,69;1289
2014-07-31;"A0143";4,49;1907
2014-06-20;"A0351";7,75;1172
2015-04-15;"A0351";7,93;1212
2015-10-12;"A0143";4,63;2002
2014-02-03;"A0351";7,67;1267
2014-05-05;"A0143";4,44;2210
2015-07-12;"A0143";4,6;1723
2013-05-14;"A0351";7,51;1381
2013-06-29;"A0351";7,55;1526
2015-06-01;"A0143";4,59;1811
2014-01-09;"A0351";7,63;1380
2014-11-02;"A0351";7,82;1724
2015-12-31;"A0351";8,1;1312
2015-07-07;"A0143";4,61;1784
2015-12-20;"A0351";8,1;1571
2013-07-20;"A0143";4,34;2126
2014-10-23;"A0351";7,82;1219
2013-01-15;"A0351";7,43;1456
2015-08-03;"A0143";4,63;1685
2015-12-16;"A0143";4,67;2146
2013-03-17;"A0143";4,3;2409
2013-03-06;"A0351";7,46;1346
2013-02-15;"A0143";4,27;2440
2014-01-31;"A0143";4,4;2517
2014-03-08;"A0351";7,66;1627
2013-03-22;"A0351";7,47;1349
2013-09-13;"A0351";7,59;1239
2013-03-17;"A0351";7,45;1706
2015-10-25;"A0143";4,64;1922
2015-04-20;"A0143";4,57;2036
2013-02-22;"A0143";4,28;2402
2014-08-15;"A0143";4,45;1848
2014-12-23;"A0143";4,53;2361
2013-10-06;"A0143";4,37;2366
2013-01-02;"A0143";4,3;2502
2015-05-28;"A0351";7,94;1196
2013-02-11;"A0351";7,44;1310
2014-03-14;"A0143";4,43;2261
2015-07-21;"A0351";8,01;1095
2013-12-28;"A0351";7,64;1939
2014-06-12;"A0143";4,44;2086
2015-05-23;"A0143";4,59;2047
2015-11-17;"A0351";8,07;1269
2013-02-22;"A0351";7,43;1401
2015-05-03;"A0351";7,94;1420
2015-09-30;"A0351";8,03;1038
2013-02-08;"A0143";4,3;2503
2014-08-03;"A0143";4,48;1816
2015-03-14;"A0351";7,93;1657
2013-04-19;"A0143";4,31;2284
2013-06-16;"A0143";4,32;2170
2013-04-09;"A0351";7,49;1334
2015-09-27;"A0143";4,62;2065
2014-03-31;"A0351";7,69;1326
2014-05-24;"A0351";7,73;1687
2013-09-23;"A0143";4,35;2414
2015-06-29;"A0351";7,95;1080
2013-06-13;"A0143";4,33;2106
2013-12-15;"A0143";4,41;2573
2014-10-22;"A0143";4,5;2091
2014-04-06;"A0143";4,43;2357
2014-11-28;"A0351";7,85;1422
2015-05-16;"A0351";7,96;1571
2014-02-16;"A0351";7,64;1612
2015-10-04;"A0351";8,04;1458
2014-05-19;"A0143";4,45;2272
2014-07-27;"A0351";7,76;1418
2013-05-15;"A0143";4,32;2442
2015-05-20;"A0143";4,59;2040
2015-10-14;"A0143";4,65;2049
2014-12-14;"A0143";4,51;2289
2014-12-12;"A0351";7,86;1380
2015-12-15;"A0351";8,1;1381
2015-04-24;"A0351";7,94;1242
2015-01-08;"A0143";4,53;2232
2015-09-16;"A0143";4,62;2010
2015-12-30;"A0143";4,67;2205
2013-06-15;"A0351";7,52;1589
2013-01-09;"A0351";7,4;1459
2014-01-16;"A0351";7,6;1281
2014-07-11;"A0351";7,76;1122
2014-05-25;"A0143";4,44;2196
2015-12-14;"A0143";4,66;2209
2015-03-17;"A0351";7,91;1169
2013-02-24;"A0143";4,3;2316
2015-09-18;"A0351";8,03;1144
2013-06-10;"A0351";7,52;1240
2015-01-26;"A0143";4,53;2110
2014-11-15;"A0143";4,52;2382
2015-06-17;"A0351";7,94;1127
2015-01-25;"A0143";4,54;2068
2014-11-23;"A0351";7,83;1685
2014-02-08;"A0351";7,65;1736
2013-06-09;"A0143";4,34;2066
2014-04-19;"A0351";7,67;1749
2015-06-15;"A0351";7,99;1103
2014-01-25;"A0143";4,41;2206
2014-07-30;"A0143";4,48;1894
2015-11-05;"A0143";4,64;2163
2013-08-08;"A0143";4,36;1928
2015-01-09;"A0143";4,52;2186
2014-11-08;"A0351";7,82;1767
2013-10-23;"A0143";4,38;2348
2014-12-16;"A0143";4,54;2412
2014-04-09;"A0351";7,68;1323
2013-05-01;"A0351";7,49;1371
2015-10-20;"A0351";8,05;1189
2014-06-28;"A0143";4,46;2054
2015-09-06;"A0143";4,62;2056
2015-10-05;"A0143";4,62;2141
2015-09-14;"A0143";4,63;2020
2014-10-29;"A0143";4,52;2224
2013-08-06;"A0143";4,34;1915
2013-05-14;"A0143";4,3;2387
2014-09-20;"A0351";7,79;1478
2014-11-30;"A0351";7,84;1657
2015-05-17;"A0351";7,9;1510
2013-02-04;"A0351";7,48;1342
2014-06-11;"A0143";4,44;2090
2013-09-04;"A0143";4,36;2280
2015-12-29;"A0143";4,68;2123
2015-01-27;"A0143";4,54;2124
2015-10-08;"A0351";8,05;1219
2014-04-02;"A0143";4,43;2263
2015-04-11;"A0143";4,56;2061
2014-04-28;"A0351";7,7;1324
2015-06-25;"A0351";7,98;1101
2015-10-21;"A0143";4,64;2024
2015-01-21;"A0143";4,53;2133
2013-02-04;"A0143";4,29;2388
2015-02-23;"A0143";4,54;2166
2014-09-03;"A0143";4,49;2191
2014-07-17;"A0143";4,47;1927
2014-12-28;"A0351";7,84;1778
2013-08-14;"A0351";7,54;1164
2013-05-17;"A0351";7,5;1336
2014-01-13;"A0143";4,4;2221
2014-04-22;"A0143";4,43;2077
2013-07-24;"A0351";7,54;1192
2013-09-22;"A0351";7,57;1470
2015-03-12;"A0143";4,55;2156
2013-04-14;"A0143";4,31;2329
2013-09-03;"A0351";7,56;1175
2013-02-20;"A0351";7,43;1331
2013-07-30;"A0351";7,53;1233
2013-07-22;"A0351";7,54;1162
2014-03-06;"A0351";7,66;1341
2014-10-21;"A0143";4,5;2226
2015-05-22;"A0351";7,97;1153
2013-05-19;"A0143";4,31;2379
2014-11-21;"A0351";7,85;1314
2013-11-29;"A0143";4,4;2556
2013-10-03;"A0351";7,58;1329
2015-02-17;"A0351";7,88;1262
2015-01-22;"A0143";4,54;2186
2013-11-11;"A0351";7,59;1504
2014-10-22;"A0351";7,83;1269
2015-02-05;"A0143";4,53;2198
2013-06-30;"A0143";4,34;2171
2014-06-05;"A0351";7,74;1157
2014-07-03;"A0351";7,74;1172
2015-06-05;"A0351";7,97;1080
2013-01-29;"A0143";4,28;2617
2015-06-27;"A0143";4,6;1871
2013-07-03;"A0143";4,33;2123
2013-04-13;"A0143";4,32;2529
2014-06-13;"A0351";7,73;1169
2015-11-30;"A0351";8,1;1312
2015-11-09;"A0351";8,07;1278
2013-12-05;"A0143";4,38;2512
2014-02-12;"A0143";4,41;2211
2013-11-18;"A0351";7,61;1407
2013-10-03;"A0143";4,36;2331
2014-08-18;"A0351";7,76;1083
2013-05-26;"A0351";7,51;1774
2014-03-29;"A0351";7,67;1662
2014-03-21;"A0143";4,43;2268
2013-01-11;"A0351";7,42;1432
2014-07-28;"A0351";7,76;1134
2014-02-21;"A0351";7,68;1311
2013-05-25;"A0351";7,5;1699
2015-04-20;"A0351";7,92;1258
2015-12-07;"A0351";8,06;1338
2014-06-05;"A0143";4,44;2114
2014-04-14;"A0351";7,7;1267
2015-04-03;"A0351";7,91;1241
2013-05-09;"A0143";4,32;2327
2014-04-24;"A0143";4,43;2258
2015-08-26;"A0143";4,61;1726
2015-08-17;"A0351";8,01;999
2014-08-17;"A0143";4,5;1748
2015-04-16;"A0351";7,91;1223
2015-08-23;"A0143";4,6;1780
2015-05-05;"A0143";4,59;2023
2013-03-26;"A0143";4,28;2412
2013-03-10;"A0351";7,44;1743
2015-08-08;"A0351";8,02;1325
2014-09-18;"A0351";7,79;1118
2013-05-23;"A0351";7,53;1327
2015-01-18;"A0351";7,88;1438
2015-05-01;"A0143";4,57;2043
2014-07-01;"A0351";7,74;1143
2015-06-16;"A0351";7,98;1099
2013-11-25;"A0351";7,62;1462
2013-12-05;"A0351";7,6;1478
2014-10-23;"A0143";4,51;2147
2013-06-17;"A0351";7,49;1240
2015-06-19;"A0351";7,96;1133
2014-12-12;"A0143";4,53;2486
2013-04-29;"A0143";4,31;2382
2014-02-26;"A0351";7,64;1402
2015-11-13;"A0351";8,08;1255
2013-12-19;"A0351";7,63;1539
2015-08-31;"A0351";8;1003
2015-11-22;"A0143";4,64;2204
2014-05-04;"A0143";4,43;2263
2015-12-13;"A0351";8,08;1684
2014-03-01;"A0143";4,42;2174
2015-12-26;"A0143";4,66;2110
2013-06-08;"A0143";4,31;2328
2013-01-06;"A0143";4,27;2663
2015-06-12;"A0143";4,6;1876
2014-07-13;"A0351";7,74;1546
2014-03-23;"A0143";4,45;2197
2014-04-25;"A0351";7,68;1264
2013-07-02;"A0143";4,34;2013
2014-10-30;"A0351";7,81;1268
2013-09-01;"A0351";7,54;1556
2013-04-05;"A0143";4,3;2439
2014-05-04;"A0351";7,7;1587
2013-09-06;"A0143";4,37;2344
2014-08-31;"A0351";7,77;1340
2015-03-03;"A0143";4,54;2185
2014-10-10;"A0351";7,83;1214
2014-01-08;"A0351";7,62;1404
2013-05-31;"A0143";4,34;2445
2015-05-14;"A0351";7,95;1205
2015-09-20;"A0143";4,64;1991
2014-11-11;"A0351";7,84;1301
2013-12-10;"A0351";7,63;1593
2015-10-08;"A0143";4,63;2107
2015-03-25;"A0143";4,57;2035
2014-12-17;"A0351";7,85;1501
2013-03-26;"A0351";7,49;1369
2013-01-08;"A0351";7,4;1450
2014-09-05;"A0143";4,48;2176
2013-01-18;"A0351";7,44;1450
2015-05-16;"A0143";4,57;2053
2015-09-29;"A0143";4,62;2059
2013-05-08;"A0351";7,47;1427
2014-08-20;"A0143";4,48;1909
2013-06-24;"A0351";7,51;1271
2013-02-05;"A0351";7,42;1317
2013-09-30;"A0143";4,36;2345
2013-03-07;"A0351";7,45;1328
2014-02-18;"A0143";4,44;2200
2013-12-23;"A0143";4,41;2553
2014-03-27;"A0143";4,42;2401
2014-01-29;"A0351";7,67;1342
2014-08-08;"A0351";7,76;1096
2013-02-19;"A0143";4,3;2400
2015-01-29;"A0143";4,54;2197
2014-12-08;"A0143";4,51;2338
2013-10-20;"A0143";4,38;2308
2015-11-17;"A0143";4,66;2117
2015-12-25;"A0143";4,66;2123
2014-05-18;"A0351";7,72;1570
2013-11-30;"A0143";4,38;2563
2014-09-22;"A0143";4,51;2106
2013-08-31;"A0143";4,36;1917
2013-12-12;"A0351";7,63;1485
2014-11-24;"A0143";4,53;2311
2014-01-26;"A0143";4,41;2263
2015-08-08;"A0143";4,59;1688
2014-10-04;"A0143";4,49;2180
2015-10-24;"A0143";4,62;1994
2014-02-11;"A0143";4,41;2283
2015-05-13;"A0351";7,95;1256
2014-05-05;"A0351";7,7;1318
2013-10-02;"A0351";7,55;1326
2014-02-09;"A0143";4,42;2188
2014-12-11;"A0143";4,52;2454
2013-12-26;"A0143";4,4;2654
2013-06-05;"A0143";4,3;2264
2013-05-03;"A0143";4,3;2510
2014-12-30;"A0351";7,86;1470
2015-12-09;"A0351";8,08;1340
2013-02-26;"A0351";7,45;1345
2015-03-20;"A0351";7,89;1213
2013-10-25;"A0351";7,6;1283
2014-12-22;"A0351";7,83;1399
2013-04-19;"A0351";7,47;1480
2015-03-31;"A0351";7,91;1221
2013-12-14;"A0351";7,61;1887
2014-10-02;"A0351";7,79;1226
2014-10-17;"A0351";7,82;1285
2013-11-09;"A0143";4,37;2533
2015-01-24;"A0351";7,89;1663
2014-03-25;"A0143";4,43;2199
2013-05-15;"A0351";7,49;1398
2014-10-09;"A0143";4,5;2059
2013-06-28;"A0351";7,51;1261
2015-06-30;"A0143";4,58;1851
2013-04-21;"A0351";7,49;1741
2015-05-05;"A0351";7,91;1252
2013-04-13;"A0351";7,47;1770
2015-05-14;"A0143";4,58;2145
2013-01-28;"A0143";4,28;2543
2013-10-14;"A0351";7,57;1328
2013-03-29;"A0143";4,32;2459
2013-11-12;"A0351";7,6;1465
2013-06-30;"A0351";7,49;1509
2014-07-10;"A0351";7,76;1213
2013-11-05;"A0351";7,62;1393
2013-01-20;"A0143";4,3;2398
2014-04-29;"A0143";4,44;2288
2015-06-03;"A0143";4,59;1926
2015-01-10;"A0351";7,86;1640
2013-09-29;"A0143";4,36;2238
2013-05-16;"A0351";7,47;1384
2013-08-25;"A0351";7,55;1438
2014-09-01;"A0143";4,47;2184
2015-08-21;"A0351";8,02;1053
2013-07-28;"A0143";4,34;2268
2013-08-11;"A0351";7,54;1492
2013-10-26;"A0143";4,38;2396
2013-09-20;"A0143";4,36;2453
2013-05-06;"A0143";4,34;2312
2013-01-07;"A0351";7,42;1426
2014-09-25;"A0143";4,49;2193
2013-03-04;"A0351";7,47;1256
2015-10-28;"A0143";4,64;2026
2013-05-17;"A0143";4,31;2385
2013-04-04;"A0143";4,31;2319
2015-11-12;"A0351";8,06;1293
2013-04-07;"A0143";4,29;2309
2014-03-06;"A0143";4,41;2261
2015-11-04;"A0351";8,03;1221
2013-07-17;"A0351";7,53;1255
2015-08-09;"A0351";7,99;1256
2013-06-07;"A0143";4,31;2179
2015-11-22;"A0351";8,07;1596
2015-06-26;"A0351";7,99;1109
2013-07-04;"A0351";7,52;1217
2013-04-22;"A0143";4,33;2470
2014-07-06;"A0143";4,46;2009
2013-09-18;"A0351";7,55;1197
2013-02-12;"A0143";4,29;2316
2013-04-28;"A0351";7,48;1644
2015-10-02;"A0351";8,03;1174
2015-08-10;"A0351";8,01;1045
2015-05-01;"A0351";7,97;1224
2015-08-22;"A0351";8;1301
2014-05-30;"A0143";4,46;2174
2013-08-02;"A0351";7,53;1200
2013-08-16;"A0143";4,37;1908
2013-03-20;"A0351";7,46;1363
2015-07-08;"A0143";4,61;1828
2015-03-23;"A0351";7,92;1188
2015-02-08;"A0351";7,88;1483
2015-08-20;"A0143";4,6;1681
2013-08-24;"A0351";7,56;1502
2013-11-16;"A0143";4,38;2449
2015-07-14;"A0143";4,61;1755
2015-05-09;"A0351";7,95;1523
2015-04-01;"A0143";4,57;2101
2013-12-24;"A0143";4,39;2606
2014-05-14;"A0143";4,46;2133
2015-07-15;"A0351";8,01;1049
2015-04-26;"A0143";4,58;2091
2013-03-19;"A0351";7,44;1432
2015-07-20;"A0143";4,61;1768
2015-01-28;"A0351";7,89;1305
2013-02-25;"A0143";4,29;2365
2013-03-05;"A0143";4,3;2530
2013-05-13;"A0143";4,31;2511
2014-09-16;"A0143";4,5;2029
2013-01-04;"A0351";7,4;1488
2013-07-21;"A0351";7,53;1474
2015-03-17;"A0143";4,57;2126
2014-11-25;"A0351";7,83;1370
2015-12-29;"A0351";8,1;1299
2014-07-29;"A0143";4,46;1928
2015-07-04;"A0351";7,98;1402
2014-05-19;"A0351";7,73;1268
2014-05-22;"A0143";4,45;2183
2013-10-26;"A0351";7,58;1776
2015-11-27;"A0143";4,65;2193
2014-06-15;"A0143";4,47;1956
2013-12-16;"A0143";4,37;2637
2013-04-22;"A0351";7,48;1392
2013-10-24;"A0351";7,61;1289
2013-07-28;"A0351";7,52;1532
2015-05-17;"A0143";4,58;2010
2013-05-31;"A0351";7,53;1363
2015-10-01;"A0143";4,62;2109
2013-06-19;"A0143";4,3;2258
2014-03-12;"A0351";7,69;1311
2015-06-28;"A0143";4,6;1838
2013-08-16;"A0351";7,54;1201
2014-07-14;"A0143";4,47;1981
2014-04-12;"A0143";4,43;2339
2014-03-18;"A0351";7,68;1292
2015-01-06;"A0143";4,53;2121
2014-03-09;"A0351";7,64;1547
2015-02-05;"A0351";7,88;1200
2015-03-22;"A0143";4,57;2053
2014-04-04;"A0351";7,69;1287
2014-04-30;"A0143";4,43;2278
2014-03-09;"A0143";4,45;2178
2015-08-24;"A0143";4,6;1668
2014-03-19;"A0143";4,4;2214
2015-10-30;"A0143";4,63;1970
2015-09-10;"A0351";8,04;1124
2015-05-30;"A0351";7,95;1585
2013-07-19;"A0143";4,34;2059
2013-01-01;"A0351";7,42;1447
2013-01-16;"A0351";7,42;1478
2014-12-10;"A0143";4,51;2454
2014-03-01;"A0351";7,7;1674
2014-04-07;"A0143";4,43;2279
2013-10-08;"A0143";4,36;2328
2013-12-25;"A0351";7,63;1550
2013-12-19;"A0143";4,4;2491
2013-06-06;"A0143";4,32;2271
2013-06-06;"A0351";7,49;1218
2015-03-07;"A0351";7,92;1541
2013-07-01;"A0351";7,52;1238
2014-11-10;"A0143";4,51;2202
2015-03-28;"A0351";7,92;1528
2013-07-14;"A0351";7,54;1430
2013-07-25;"A0143";4,34;2126
2014-09-27;"A0143";4,5;2040
2014-05-31;"A0143";4,44;2161
2015-04-14;"A0351";7,92;1227
2015-07-27;"A0143";4,6;1771
2015-11-23;"A0351";8,07;1247
2013-12-30;"A0143";4,41;2420
2015-04-21;"A0351";7,9;1219
2013-02-17;"A0351";7,45;1638
2015-01-19;"A0143";4,55;2153
2013-06-28;"A0143";4,34;2140
2013-10-11;"A0351";7,58;1322
2015-05-15;"A0143";4,59;2074
2015-02-10;"A0143";4,55;2071
2013-10-16;"A0351";7,57;1288
2013-02-06;"A0351";7,45;1424
2015-06-02;"A0351";7,98;1088
2014-01-13;"A0351";7,66;1449
2015-01-15;"A0351";7,86;1338
2013-10-30;"A0351";7,59;1356
2013-11-01;"A0351";7,59;1512
2014-03-16;"A0143";4,42;2324
2013-03-03;"A0351";7,45;1729
2014-09-06;"A0351";7,79;1454
2013-11-03;"A0143";4,4;2476
2015-06-11;"A0143";4,59;1887
2013-05-28;"A0351";7,51;1332
2015-08-17;"A0143";4,62;1652
2013-09-10;"A0143";4,37;2389
2013-09-16;"A0351";7,56;1208
2013-11-04;"A0143";4,38;2563
2013-02-18;"A0143";4,29;2639
2015-03-15;"A0143";4,56;2139
2015-03-10;"A0143";4,56;2140
2013-01-12;"A0351";7,4;1745
2015-11-03;"A0143";4,64;2137
2015-07-02;"A0351";7,97;1061
2013-11-04;"A0351";7,59;1475
2013-05-29;"A0143";4,33;2380
2014-01-25;"A0351";7,64;1802
2013-01-14;"A0351";7,42;1422
2013-02-27;"A0143";4,3;2325
2015-12-28;"A0143";4,68;2120
2013-08-20;"A0351";7,55;1196
2015-03-14;"A0143";4,54;2054
2013-04-18;"A0143";4,3;2370
2014-05-12;"A0143";4,46;2372
2014-02-14;"A0143";4,4;2172
2014-04-28;"A0143";4,46;2293
2015-04-08;"A0351";7,9;1278
2015-02-18;"A0143";4,57;2085
2013-03-04;"A0143";4,31;2372
2015-05-10;"A0351";7,93;1456
2015-10-06;"A0143";4,64;1894
2014-02-05;"A0143";4,41;2375
2015-09-24;"A0351";8,02;1123
2014-07-18;"A0143";4,49;2024
2015-10-31;"A0143";4,65;1964
2014-07-24;"A0143";4,47;1900
2013-04-27;"A0351";7,5;1755
2015-06-13;"A0351";7,96;1408
2013-10-01;"A0351";7,54;1363
2014-05-15;"A0143";4,43;2330
2013-01-26;"A0351";7,41;1921
2015-02-26;"A0351";7,89;1250
2014-07-08;"A0143";4,47;1868
2015-06-09;"A0351";7,96;1119
2014-06-16;"A0351";7,73;1222
2015-02-17;"A0143";4,54;2066
2014-11-17;"A0143";4,51;2456
2015-08-04;"A0143";4,6;1776
2013-02-20;"A0143";4,29;2361
2015-01-08;"A0351";7,85;1289
2013-06-16;"A0351";7,51;1585
2013-08-30;"A0351";7,56;1173
2013-02-25;"A0351";7,46;1387
2013-05-22;"A0351";7,5;1378
2013-09-08;"A0143";4,38;2404
2014-03-07;"A0351";7,67;1371
2015-05-09;"A0143";4,58;2088
2013-05-19;"A0351";7,5;1634
2015-11-28;"A0351";8,1;1623
2015-09-15;"A0143";4,63;2001
2014-09-09;"A0351";7,79;1130
2015-07-03;"A0143";4,59;1803
2013-01-13;"A0143";4,28;2501
2013-08-05;"A0351";7,53;1186
2015-09-20;"A0351";8;1403
2015-01-01;"A0143";4,52;2066
2014-09-27;"A0351";7,79;1477
2014-05-28;"A0351";7,7;1315
2015-10-09;"A0143";4,63;1945
2014-05-20;"A0351";7,71;1316
2015-01-19;"A0351";7,87;1312
2015-10-11;"A0351";8,05;1453
2014-02-17;"A0143";4,43;2211
2015-04-07;"A0143";4,56;2130
2015-01-06;"A0351";7,88;1308
2015-05-12;"A0143";4,59;2161
2015-04-05;"A0351";7,92;1574
2015-05-18;"A0351";7,95;1210
2015-05-07;"A0351";7,94;1236
2015-12-24;"A0143";4,65;2185
2014-02-27;"A0143";4,42;2233
2014-12-02;"A0143";4,53;2382
2014-10-01;"A0143";4,49;2007
2013-12-22;"A0143";4,39;2543
2015-04-29;"A0143";4,57;2058
2014-04-01;"A0143";4,45;2123
2013-05-06;"A0351";7,48;1454
2014-03-11;"A0143";4,43;2288
2014-10-07;"A0351";7,81;1288
2014-06-04;"A0351";7,72;1210
2014-10-27;"A0351";7,83;1223
2013-08-09;"A0351";7,56;1152
2013-03-07;"A0143";4,29;2529
2014-09-22;"A0351";7,81;1162
2014-03-24;"A0143";4,41;2259
2015-08-15;"A0143";4,62;1702
2014-06-23;"A0143";4,45;2001
2014-11-09;"A0351";7,85;1687
2013-06-21;"A0351";7,53;1213
2014-04-08;"A0351";7,69;1322
2015-05-19;"A0351";7,96;1222
2013-10-28;"A0351";7,6;1289
2013-06-29;"A0143";4,34;2257
2013-08-10;"A0351";7,54;1525
2014-03-15;"A0143";4,43;2247
2015-03-08;"A0351";7,9;1443
2014-02-22;"A0351";7,66;1640
2014-12-19;"A0351";7,85;1383
2013-06-11;"A0351";7,5;1253
2013-04-21;"A0143";4,3;2631
2013-10-02;"A0143";4,36;2412
2013-01-24;"A0351";7,41;1484
2015-06-24;"A0351";7,95;1130
2015-07-01;"A0143";4,6;1800
2014-09-18;"A0143";4,49;2187
2015-11-07;"A0351";8,07;1687
2013-08-15;"A0143";4,36;1886
2014-10-24;"A0351";7,83;1285
2014-09-26;"A0143";4,52;2138
2014-11-13;"A0143";4,52;2369
2015-06-16;"A0143";4,59;1933
2013-12-15;"A0351";7,62;1884
2014-03-11;"A0351";7,66;1251
2014-10-19;"A0351";7,85;1546
2014-12-01;"A0351";7,83;1437
2014-11-07;"A0351";7,81;1401
2014-04-23;"A0351";7,72;1280
2013-11-27;"A0143";4,38;2513
2014-01-23;"A0143";4,39;2296
2014-12-25;"A0143";4,52;2382
2013-12-27;"A0143";4,39;2553
2015-05-29;"A0143";4,57;2116
2015-11-19;"A0143";4,66;1902
2014-06-07;"A0351";7,73;1456
2013-03-22;"A0143";4,3;2424
2014-03-31;"A0143";4,43;2323
2013-02-23;"A0351";7,46;1641
2014-04-11;"A0351";7,7;1327
2014-03-21;"A0351";7,68;1300
2015-11-16;"A0351";8,06;1328
2015-08-02;"A0143";4,63;1686
2015-04-06;"A0351";7,93;1211
2013-10-13;"A0351";7,59;1621
2014-09-10;"A0143";4,49;2260
2013-06-11;"A0143";4,33;2363
2014-07-09;"A0351";7,74;1112
2014-02-17;"A0351";7,68;1344
2015-01-15;"A0143";4,55;2071
2015-05-19;"A0143";4,59;2044
2015-07-13;"A0143";4,61;1865
2015-02-01;"A0143";4,54;2186
2013-11-20;"A0143";4,38;2454
2015-11-10;"A0143";4,65;2047
2014-10-15;"A0351";7,81;1272
2013-03-05;"A0351";7,46;1445
2015-07-22;"A0143";4,6;1800
2015-05-04;"A0143";4,57;2132
2014-02-11;"A0351";7,67;1304
2014-01-06;"A0351";7,64;1315
2014-08-04;"A0143";4,48;1810
2015-09-12;"A0351";8,01;1458
2015-04-21;"A0143";4,56;2015
2013-09-21;"A0351";7,56;1563
2015-07-25;"A0143";4,6;1741
2013-05-04;"A0143";4,31;2311
2013-07-09;"A0351";7,52;1214
2015-01-17;"A0351";7,86;1611
2015-02-18;"A0351";7,9;1257
2014-05-06;"A0143";4,44;2247
2015-11-14;"A0143";4,65;2244
2014-04-27;"A0351";7,72;1622
2015-10-27;"A0143";4,67;2074
2015-04-17;"A0143";4,58;2135
2015-09-10;"A0143";4,64;1945
2014-09-11;"A0143";4,5;2267
2013-02-03;"A0351";7,42;1756
2013-10-15;"A0351";7,6;1387
2013-12-11;"A0143";4,4;2497
2015-04-30;"A0351";7,95;1192
2013-08-17;"A0351";7,57;1448
2014-01-03;"A0351";7,6;1333
2015-07-06;"A0351";7,96;1089
2015-05-11;"A0143";4,6;1979
2015-01-03;"A0143";4,53;2146
2014-12-09;"A0143";4,53;2307
2014-03-30;"A0351";7,7;1565
2015-07-05;"A0351";7,98;1324
2015-04-11;"A0351";7,92;1504
2013-08-18;"A0143";4,35;1966
2013-04-26;"A0351";7,49;1379
2014-09-28;"A0351";7,79;1459
2014-10-13;"A0143";4,5;1982
2013-03-14;"A0143";4,29;2501
2015-08-12;"A0143";4,62;1768
2015-01-16;"A0351";7,88;1292
2015-06-07;"A0143";4,58;1904
2015-11-28;"A0143";4,64;2207
2014-01-17;"A0351";7,64;1392
2015-01-02;"A0143";4,53;2085
2014-04-08;"A0143";4,44;2231
2015-07-24;"A0351";8,03;1075
2014-03-27;"A0351";7,7;1227
2014-05-17;"A0143";4,44;2298
2013-10-04;"A0351";7,56;1382
2013-04-03;"A0351";7,47;1358
2015-11-25;"A0351";8,07;1282
2014-04-21;"A0143";4,44;2196
2014-11-27;"A0143";4,51;2426
2015-07-26;"A0351";7,99;1309
2014-11-22;"A0351";7,82;1725
2014-03-29;"A0143";4,42;2195
2015-04-15;"A0143";4,55;1998
2014-04-14;"A0143";4,43;2261
2015-04-01;"A0351";7,92;1200
2013-11-14;"A0143";4,35;2578
2014-02-19;"A0143";4,42;2345
2015-05-25;"A0351";7,93;1182
2013-03-01;"A0143";4,28;2368
2014-10-02;"A0143";4,48;2118
2014-07-18;"A0351";7,76;1164
2014-09-05;"A0351";7,78;1179
2014-08-19;"A0351";7,76;1143
2013-02-11;"A0143";4,29;2469
2014-10-07;"A0143";4,49;2295
2013-02-28;"A0351";7,43;1451
2014-04-10;"A0143";4,44;2253
2014-08-02;"A0143";4,49;1864
2013-10-18;"A0351";7,59;1323
2013-07-13;"A0143";4,34;2029
2014-01-01;"A0143";4,39;2370
2015-09-08;"A0143";4,61;2049
2015-05-30;"A0143";4,58;2146
2014-08-12;"A0143";4,48;1730
2015-03-22;"A0351";7,91;1463
2013-01-17;"A0143";4,25;2510
2015-09-26;"A0143";4,63;2097
2013-05-25;"A0143";4,3;2437
2015-01-21;"A0351";7,85;1281
2014-01-30;"A0143";4,43;2180
2014-04-30;"A0351";7,73;1291
2013-02-07;"A0143";4,3;2374
2014-11-05;"A0143";4,51;2323
2014-10-26;"A0143";4,49;2273
2013-02-21;"A0351";7,46;1327
2015-05-13;"A0143";4,58;1992
2013-07-23;"A0143";4,33;2012
2014-09-12;"A0351";7,79;1214
2014-09-21;"A0351";7,81;1326
2013-04-04;"A0351";7,46;1359
2014-08-27;"A0143";4,49;1774
2013-06-07;"A0351";7,49;1298
2015-12-06;"A0351";8,09;1591
2015-05-23;"A0351";7,95;1509
2014-08-30;"A0143";4,47;1812
2013-06-04;"A0143";4,31;2131
2015-02-03;"A0143";4,55;2149
2015-09-04;"A0351";8,03;1064
2014-02-16;"A0143";4,43;2337
2013-01-30;"A0143";4,3;2457
2014-11-14;"A0351";7,82;1433
2015-07-10;"A0351";7,97;1049
2014-12-20;"A0143";4,52;2258
2015-05-24;"A0351";7,97;1447
2015-12-18;"A0351";8,05;1304
2015-12-03;"A0351";8,09;1292
2015-10-03;"A0143";4,62;2073
2014-09-04;"A0351";7,78;1150
2015-08-30;"A0351";8,03;1216
2015-09-04;"A0143";4,61;2016
2014-12-26;"A0351";7,87;1482
2013-01-17;"A0351";7,36;1453
2014-07-12;"A0351";7,79;1535
2013-11-28;"A0143";4,38;2543
2015-07-19;"A0143";4,59;1766
2015-06-13;"A0143";4,6;1960
2015-10-31;"A0351";8,04;1498
2015-01-31;"A0143";4,54;2113
2013-12-31;"A0143";4,4;2558
2013-06-12;"A0351";7,52;1204
2013-09-28;"A0143";4,37;2170
2014-03-02;"A0143";4,44;2206
2014-03-17;"A0143";4,43;2385
2014-08-11;"A0143";4,48;1780
2015-06-01;"A0351";7,95;1071
2015-10-04;"A0143";4,62;2012
2015-08-26;"A0351";7,99;1036
2015-08-07;"A0143";4,62;1641
2013-01-24;"A0143";4,27;2419
2015-07-04;"A0143";4,59;1830
2013-01-25;"A0143";4,27;2495
2014-08-05;"A0351";7,77;1078
2014-10-01;"A0351";7,79;1291
2013-04-16;"A0143";4,31;2373
2013-03-15;"A0143";4,31;2334
2014-04-26;"A0143";4,45;2298
2015-06-11;"A0351";7,99;1062
2014-05-22;"A0351";7,72;1315
2013-09-24;"A0351";7,56;1244
2013-09-17;"A0143";4,37;2352
2015-06-06;"A0351";7,96;1374
2014-02-06;"A0143";4,39;2335
2015-05-31;"A0351";7,98;1413
2015-10-06;"A0351";8,03;1187
2014-05-03;"A0351";7,74;1594
2013-08-20;"A0143";4,36;1854
2015-09-21;"A0351";8,05;1125
2013-08-04;"A0143";4,34;2020
2014-10-25;"A0143";4,49;2205
2014-03-05;"A0143";4,43;2237
2013-03-01;"A0351";7,44;1369
2015-01-18;"A0143";4,53;2258
2015-09-03;"A0143";4,63;1888
2015-02-15;"A0351";7,88;1410
2013-04-30;"A0143";4,32;2340
2013-06-21;"A0143";4,33;2202
2015-08-25;"A0143";4,61;1584
2014-10-08;"A0143";4,5;2121
2014-01-18;"A0143";4,4;2312
2013-11-14;"A0351";7,61;1368
2013-09-12;"A0143";4,36;2309
2015-02-16;"A0143";4,55;2046
2014-09-19;"A0143";4,5;2198
2013-10-11;"A0143";4,36;2456
2015-06-04;"A0143";4,6;1961
2013-08-07;"A0143";4,34;1944
2014-07-07;"A0351";7,73;1145
2015-06-27;"A0351";7,97;1440
2014-03-10;"A0351";7,68;1347
2013-12-31;"A0351";7,66;1535
2015-03-02;"A0143";4,55;2084
2015-10-29;"A0143";4,66;1947
2013-05-09;"A0351";7,52;1403
2015-12-17;"A0143";4,68;2201
2015-05-06;"A0351";7,95;1209
2013-01-05;"A0351";7,41;1857
2015-07-09;"A0143";4,6;1863
2014-05-20;"A0143";4,44;2271
2014-09-11;"A0351";7,8;1165
2014-11-15;"A0351";7,82;1706
2013-06-26;"A0351";7,54;1264
2014-07-08;"A0351";7,73;1175
2013-03-13;"A0143";4,29;2401
2015-05-06;"A0143";4,58;2002
2013-02-16;"A0143";4,28;2371
2015-11-23;"A0143";4,66;2240
2013-04-06;"A0351";7,48;1770
2013-11-23;"A0351";7,64;1766
2013-01-27;"A0143";4,27;2440
2013-04-10;"A0143";4,28;2506
2015-02-09;"A0351";7,87;1244
2015-02-10;"A0351";7,88;1282
2014-05-30;"A0351";7,77;1327
2014-09-09;"A0143";4,5;2161
2013-07-30;"A0143";4,35;2150
2015-08-16;"A0351";8,01;1292
2013-04-25;"A0143";4,31;2485
2013-07-01;"A0143";4,35;2087
2015-07-13;"A0351";7,96;1108
2015-02-21;"A0143";4,55;2101
2013-11-19;"A0351";7,57;1471
2015-01-24;"A0143";4,55;2035
2014-10-16;"A0351";7,82;1285
2015-12-11;"A0143";4,66;2113
2015-01-27;"A0351";7,88;1318
2015-01-20;"A0351";7,87;1283
2014-10-21;"A0351";7,85;1221
2014-11-26;"A0351";7,83;1393
2013-01-01;"A0143";4,28;2378
2013-07-10;"A0351";7,53;1233
2013-08-28;"A0351";7,58;1150
2015-04-03;"A0143";4,58;2051
2013-10-24;"A0143";4,39;2312
2014-01-18;"A0351";7,64;1719
2014-08-28;"A0351";7,78;1119
2014-08-24;"A0351";7,77;1283
2015-04-08;"A0143";4,55;1963
2015-02-20;"A0143";4,55;2169
2015-01-02;"A0351";7,89;1295
2014-06-25;"A0351";7,75;1155
2013-06-14;"A0351";7,5;1304
2014-02-18;"A0351";7,68;1325
2015-11-27;"A0351";8,08;1281
2015-01-31;"A0351";7,9;1705
2015-09-07;"A0143";4,62;2014
2013-08-15;"A0351";7,54;1171
